{"cameraMode":{"drawMode":0,"name":"Shaded","section":"Shading Mode"},"sceneLighting":true,"audioPlay":false,"sceneViewState":{"showFog":true,"showMaterialUpdate":false,"showSkybox":true,"showFlares":true,"showImageEffects":true,"showParticleSystems":true},"in2DMode":false,"pivot":{"x":-2.0331687927246095,"y":1.1614179611206055,"z":1.9539575576782227},"rotation":{"x":-0.08596297353506088,"y":0.8436673879623413,"z":-0.14205177128314973,"w":-0.5105469226837158},"size":10.0,"orthographic":false}